"","WEEK","SEASON","AH3","AH1N1","A","BVL","BYL","B","H3N2","AU","AH1"
"1",40,"2018-19",11,29,8,7,11,0,0,0,0
"2",41,"2018-19",11,49,8,3,5,5,0,0,0
"3",42,"2018-19",18,48,13,1,12,1,0,0,0
"4",43,"2018-19",33,73,2,0,12,2,0,0,0
"5",44,"2018-19",20,77,3,1,8,1,0,0,0
"6",45,"2018-19",25,103,15,4,7,4,0,0,0
"7",46,"2018-19",36,123,11,1,3,0,0,0,0
"8",47,"2018-19",50,180,10,2,5,0,0,0,0
"9",48,"2018-19",56,273,11,2,9,1,0,0,0
"10",49,"2018-19",81,305,13,3,4,7,0,0,0
"11",50,"2018-19",159,608,17,7,6,3,0,0,0
"12",51,"2018-19",234,1014,66,20,8,9,0,0,0
"13",52,"2018-19",262,1125,110,18,9,8,0,0,0
"14",1,"2018-19",294,984,158,6,15,5,0,0,0
"15",2,"2018-19",217,1171,82,2,15,10,0,0,0
"16",3,"2018-19",335,1262,102,17,14,4,0,0,0
"17",4,"2018-19",499,1361,106,17,9,14,0,0,0
"18",5,"2018-19",774,1476,58,24,18,7,0,0,0
"19",6,"2018-19",1165,1739,38,17,10,13,0,0,0
"20",7,"2018-19",1249,1565,37,27,18,20,0,0,0
"21",8,"2018-19",1410,1358,52,28,12,52,0,0,0
"22",9,"2018-19",1630,1219,72,32,9,36,0,0,0
"23",10,"2018-19",1598,1150,88,34,26,52,0,0,0
"24",11,"2018-19",1664,961,84,50,28,51,0,0,0
"25",12,"2018-19",1223,666,50,42,18,72,0,0,0
"26",13,"2018-19",933,389,36,59,16,103,0,0,0
"27",14,"2018-19",769,284,29,65,15,88,0,0,0
"28",15,"2018-19",590,190,14,54,16,75,0,0,0
"29",16,"2018-19",323,116,13,50,18,22,0,0,0
"30",17,"2018-19",197,80,5,35,14,66,0,0,0
"31",18,"2018-19",137,55,5,39,10,13,0,0,0
"32",19,"2018-19",90,43,13,40,7,22,0,0,0
"33",20,"2018-19",71,37,5,38,6,10,0,0,0
"34",21,"2018-19",65,25,1,26,3,3,0,0,0
"35",22,"2018-19",52,19,3,23,10,20,0,0,0
"36",23,"2018-19",52,22,2,32,1,19,0,0,0
"37",24,"2018-19",53,20,6,18,1,6,0,0,0
"38",25,"2018-19",51,9,1,13,0,9,0,0,0
"39",26,"2018-19",46,14,2,12,3,3,0,0,0
"40",27,"2018-19",39,28,2,12,1,0,0,0,0
"41",28,"2018-19",38,8,1,8,1,4,0,0,0
"42",29,"2018-19",45,11,6,8,0,0,0,0,0
"43",30,"2018-19",18,11,3,3,0,5,0,0,0
"44",31,"2018-19",15,3,0,2,1,1,0,0,0
"45",40,"2017-18",111,13,3,0,16,1,1,0,0
"46",41,"2017-18",126,12,8,2,13,3,0,0,0
"47",42,"2017-18",152,12,0,0,10,1,0,0,0
"48",43,"2017-18",151,24,24,0,19,11,0,0,0
"49",44,"2017-18",220,19,15,2,33,12,0,0,0
"50",45,"2017-18",274,19,1,3,29,10,0,0,0
"51",46,"2017-18",372,52,2,5,58,20,0,0,0
"52",47,"2017-18",458,36,0,5,60,8,0,0,0
"53",48,"2017-18",724,59,8,7,99,18,1,0,0
"54",49,"2017-18",974,64,2,15,97,25,0,0,0
"55",50,"2017-18",1335,122,10,29,162,33,0,0,0
"56",51,"2017-18",2160,222,15,37,231,57,0,0,0
"57",52,"2017-18",2447,250,21,27,320,55,0,0,0
"58",1,"2017-18",2683,290,20,40,409,80,0,0,0
"59",2,"2017-18",2747,343,31,38,475,113,0,0,0
"60",3,"2017-18",2442,353,21,38,482,125,0,0,0
"61",4,"2017-18",2526,495,29,53,668,158,0,0,0
"62",5,"2017-18",2303,504,32,72,720,255,0,0,0
"63",6,"2017-18",1882,492,23,96,830,274,0,0,0
"64",7,"2017-18",1387,436,22,108,860,214,0,0,0
"65",8,"2017-18",1002,260,11,109,845,202,0,0,0
"66",9,"2017-18",543,214,6,83,605,178,0,0,0
"67",10,"2017-18",343,130,15,81,519,130,0,0,0
"68",11,"2017-18",252,154,12,66,479,120,0,0,0
"69",12,"2017-18",213,101,5,51,437,106,0,0,0
"70",13,"2017-18",207,119,3,61,431,84,0,0,0
"71",14,"2017-18",154,96,4,52,366,59,0,0,0
"72",15,"2017-18",98,95,0,40,268,44,0,0,0
"73",16,"2017-18",81,43,0,40,188,42,0,0,0
"74",17,"2017-18",52,42,0,28,131,49,0,0,0
"75",18,"2017-18",27,32,2,14,135,22,0,0,0
"76",19,"2017-18",20,13,0,6,66,8,0,0,0
"77",20,"2017-18",10,16,0,6,27,10,0,0,0
"78",21,"2017-18",6,18,0,4,19,8,0,0,0
"79",22,"2017-18",5,7,0,2,11,2,0,0,0
"80",23,"2017-18",3,6,0,3,9,2,0,0,0
"81",24,"2017-18",3,5,0,3,8,1,0,0,0
"82",25,"2017-18",3,1,0,3,6,0,1,0,0
"83",26,"2017-18",6,2,0,0,1,0,0,0,0
"84",27,"2017-18",5,7,0,0,6,1,0,0,0
"85",28,"2017-18",9,7,0,2,3,1,0,0,0
"86",29,"2017-18",4,13,0,2,4,2,0,0,0
"87",30,"2017-18",3,9,4,2,0,0,0,0,0
"88",31,"2017-18",10,7,3,0,1,0,0,0,0
"89",32,"2017-18",8,6,5,0,2,1,0,0,0
"90",33,"2017-18",9,4,1,0,2,0,0,0,0
"91",34,"2017-18",20,17,6,0,1,1,0,0,0
"92",35,"2017-18",5,10,0,0,2,0,0,0,0
"93",36,"2017-18",15,16,0,0,1,1,0,0,0
"94",37,"2017-18",13,29,0,1,5,0,0,0,0
"95",38,"2017-18",15,21,2,1,2,1,0,0,0
"96",39,"2017-18",12,20,0,0,3,0,0,0,0
"97",40,"2016-17",82,9,0,5,3,1,0,0,0
"98",41,"2016-17",74,11,0,7,6,3,0,0,0
"99",42,"2016-17",106,12,2,8,9,1,0,0,0
"100",43,"2016-17",123,13,0,3,3,5,0,0,0
"101",44,"2016-17",109,11,3,10,6,3,0,0,0
"102",45,"2016-17",131,5,1,5,1,5,0,0,0
"103",46,"2016-17",163,9,2,7,1,13,0,0,0
"104",47,"2016-17",148,5,8,4,2,10,0,0,0
"105",48,"2016-17",257,11,8,17,5,16,0,0,0
"106",49,"2016-17",405,12,1,19,6,3,0,0,0
"107",50,"2016-17",641,15,3,27,18,15,0,0,0
"108",51,"2016-17",867,24,9,37,25,15,0,0,0
"109",52,"2016-17",1310,21,23,58,36,13,0,0,0
"110",1,"2016-17",1477,36,6,47,58,18,0,0,0
"111",2,"2016-17",1681,35,14,49,73,19,0,0,0
"112",3,"2016-17",1847,46,9,68,100,23,0,0,0
"113",4,"2016-17",2043,34,17,70,116,26,0,0,0
"114",5,"2016-17",2320,35,17,95,179,45,0,0,0
"115",6,"2016-17",2615,62,18,125,229,41,0,0,0
"116",7,"2016-17",2413,53,13,149,292,96,0,0,0
"117",8,"2016-17",2196,79,9,154,345,81,0,0,0
"118",9,"2016-17",1359,49,13,140,346,91,0,0,0
"119",10,"2016-17",1169,44,13,136,379,100,0,0,0
"120",11,"2016-17",836,24,8,140,417,113,0,0,0
"121",12,"2016-17",809,31,3,190,510,116,0,0,0
"122",13,"2016-17",641,25,3,143,559,215,0,0,0
"123",14,"2016-17",366,15,4,117,439,129,0,0,0
"124",15,"2016-17",217,5,1,66,371,78,0,0,0
"125",16,"2016-17",138,8,2,54,239,74,0,0,0
"126",17,"2016-17",130,5,2,50,174,39,0,0,0
"127",18,"2016-17",80,5,2,31,126,37,0,0,0
"128",19,"2016-17",95,2,1,37,113,32,0,0,0
"129",20,"2016-17",62,4,1,33,107,27,0,0,0
"130",21,"2016-17",38,5,0,25,75,12,0,0,0
"131",22,"2016-17",38,1,0,49,58,13,0,0,0
"132",23,"2016-17",33,4,0,21,61,12,0,0,0
"133",24,"2016-17",43,8,1,11,44,8,0,0,0
"134",25,"2016-17",33,5,0,10,29,5,0,0,0
"135",26,"2016-17",37,5,0,4,21,6,0,0,0
"136",27,"2016-17",27,9,0,7,6,4,0,0,0
"137",28,"2016-17",26,3,0,5,9,10,2,0,0
"138",29,"2016-17",25,7,0,0,6,8,9,0,0
"139",30,"2016-17",29,6,4,1,19,3,0,0,0
"140",31,"2016-17",40,7,0,0,8,3,5,0,0
"141",32,"2016-17",40,6,1,0,20,6,1,0,0
"142",33,"2016-17",29,3,2,0,9,1,0,0,0
"143",34,"2016-17",52,4,2,1,7,10,0,0,0
"144",35,"2016-17",61,16,1,0,0,7,0,0,0
"145",36,"2016-17",99,12,2,0,13,3,0,0,0
"146",37,"2016-17",104,7,0,2,17,14,0,0,0
"147",38,"2016-17",99,2,3,1,18,8,17,0,0
"148",39,"2016-17",114,9,0,0,10,3,24,0,0
"149",40,"2015-16",64,4,2,0,1,8,0,0,0
"150",41,"2015-16",41,5,2,3,0,7,0,0,0
"151",42,"2015-16",43,10,1,2,2,8,0,0,0
"152",43,"2015-16",30,9,4,1,4,8,0,0,0
"153",44,"2015-16",23,4,4,1,4,8,0,0,0
"154",45,"2015-16",26,9,1,4,2,9,0,0,0
"155",46,"2015-16",38,17,1,0,4,4,0,0,0
"156",47,"2015-16",20,15,0,3,9,3,0,0,0
"157",48,"2015-16",33,26,2,3,9,7,0,0,0
"158",49,"2015-16",35,35,3,2,10,11,0,0,0
"159",50,"2015-16",36,64,0,4,17,8,0,0,0
"160",51,"2015-16",29,80,1,2,25,10,0,0,0
"161",52,"2015-16",37,131,1,8,29,3,0,0,0
"162",1,"2015-16",47,188,2,7,34,8,0,0,0
"163",2,"2015-16",67,223,4,21,47,34,0,0,0
"164",3,"2015-16",81,320,13,18,68,30,0,0,0
"165",4,"2015-16",139,458,14,21,88,61,0,0,0
"166",5,"2015-16",147,614,10,50,117,59,0,0,0
"167",6,"2015-16",183,773,16,46,150,92,0,0,0
"168",7,"2015-16",208,1180,17,68,215,100,0,0,0
"169",8,"2015-16",182,1528,27,119,284,124,0,0,0
"170",9,"2015-16",255,1740,32,112,272,143,0,0,0
"171",10,"2015-16",277,2066,46,140,298,192,0,0,0
"172",11,"2015-16",186,1419,23,132,250,143,0,0,0
"173",12,"2015-16",174,990,17,105,184,150,0,0,0
"174",13,"2015-16",155,763,33,116,197,181,0,0,0
"175",14,"2015-16",121,484,32,97,155,141,0,0,0
"176",15,"2015-16",103,347,14,84,156,120,0,0,0
"177",16,"2015-16",118,255,15,82,156,135,0,0,0
"178",17,"2015-16",88,152,5,76,115,83,0,0,0
"179",18,"2015-16",56,68,2,51,82,69,0,0,0
"180",19,"2015-16",59,41,2,36,67,41,0,0,0
"181",20,"2015-16",71,30,4,12,50,34,0,0,0
"182",21,"2015-16",38,14,2,21,31,27,0,0,0
"183",22,"2015-16",9,4,1,13,35,24,0,0,0
"184",23,"2015-16",13,2,1,6,16,11,0,0,0
"185",24,"2015-16",17,3,0,6,10,6,0,0,0
"186",25,"2015-16",20,4,0,9,11,9,0,0,0
"187",26,"2015-16",14,2,3,6,8,4,0,0,0
"188",27,"2015-16",17,2,0,5,9,5,0,0,0
"189",28,"2015-16",16,1,1,2,11,2,0,0,0
"190",29,"2015-16",17,2,0,0,10,4,0,0,0
"191",30,"2015-16",33,2,0,2,10,2,1,0,0
"192",31,"2015-16",42,0,2,1,4,0,3,0,0
"193",32,"2015-16",20,4,0,0,11,1,10,0,0
"194",33,"2015-16",28,1,0,1,7,2,4,0,0
"195",34,"2015-16",24,5,0,2,6,2,0,0,0
"196",35,"2015-16",32,7,0,4,2,5,0,0,0
"197",36,"2015-16",43,3,0,1,3,6,0,0,0
"198",37,"2015-16",54,7,1,4,6,9,0,0,0
"199",38,"2015-16",74,3,0,3,4,8,0,0,0
"200",39,"2015-16",71,5,1,11,0,5,0,0,0
"201",40,"2014-15",84,2,1,NA,NA,25,0,0,0
"202",41,"2014-15",107,5,0,NA,NA,33,0,0,0
"203",42,"2014-15",189,5,2,NA,NA,26,1,0,0
"204",43,"2014-15",186,5,0,NA,NA,28,0,0,0
"205",44,"2014-15",250,3,3,NA,NA,25,0,0,0
"206",45,"2014-15",420,6,5,NA,NA,26,0,0,0
"207",46,"2014-15",498,8,9,NA,NA,18,0,0,0
"208",47,"2014-15",781,5,12,NA,NA,37,0,0,0
"209",48,"2014-15",1102,4,10,NA,NA,34,0,0,0
"210",49,"2014-15",1934,7,6,NA,NA,55,0,0,0
"211",50,"2014-15",2840,4,22,NA,NA,98,0,0,0
"212",51,"2014-15",3347,2,36,NA,NA,95,0,0,0
"213",52,"2014-15",3637,3,25,NA,NA,82,0,0,0
"214",53,"2014-15",3282,0,34,NA,NA,93,0,0,0
"215",1,"2014-15",2952,7,22,NA,NA,89,0,0,0
"216",2,"2014-15",2566,4,20,NA,NA,107,0,0,0
"217",3,"2014-15",2240,1,31,NA,NA,162,0,0,0
"218",4,"2014-15",2013,5,10,NA,NA,187,0,0,0
"219",5,"2014-15",1596,5,9,NA,NA,211,0,0,0
"220",6,"2014-15",942,2,12,NA,NA,227,0,0,0
"221",7,"2014-15",662,3,5,NA,NA,232,0,0,0
"222",8,"2014-15",541,10,7,NA,NA,301,0,0,0
"223",9,"2014-15",409,1,5,NA,NA,344,0,0,0
"224",10,"2014-15",260,6,5,NA,NA,368,0,0,0
"225",11,"2014-15",228,1,8,NA,NA,372,0,0,0
"226",12,"2014-15",142,3,0,NA,NA,346,0,0,0
"227",13,"2014-15",99,3,4,NA,NA,327,0,0,0
"228",14,"2014-15",53,6,0,NA,NA,333,0,0,0
"229",15,"2014-15",44,8,2,NA,NA,257,0,0,0
"230",16,"2014-15",29,2,1,NA,NA,178,0,0,0
"231",17,"2014-15",13,1,2,NA,NA,148,0,0,0
"232",18,"2014-15",6,1,0,NA,NA,145,0,0,0
"233",19,"2014-15",9,2,1,NA,NA,109,0,0,0
"234",20,"2014-15",14,1,0,NA,NA,88,0,0,0
"235",21,"2014-15",15,0,1,NA,NA,59,0,0,0
"236",22,"2014-15",17,0,0,NA,NA,56,0,0,0
"237",23,"2014-15",14,1,1,NA,NA,50,0,0,0
"238",24,"2014-15",44,0,1,NA,NA,41,0,0,0
"239",25,"2014-15",41,0,2,NA,NA,21,0,0,0
"240",26,"2014-15",47,2,6,NA,NA,7,0,0,0
"241",27,"2014-15",33,4,2,NA,NA,11,1,0,0
"242",28,"2014-15",27,2,2,NA,NA,11,0,0,0
"243",29,"2014-15",24,2,2,NA,NA,6,0,0,0
"244",30,"2014-15",40,0,0,NA,NA,1,0,0,0
"245",31,"2014-15",44,4,1,NA,NA,11,0,0,0
"246",32,"2014-15",24,1,3,NA,NA,7,0,0,0
"247",33,"2014-15",47,1,2,NA,NA,3,0,0,0
"248",34,"2014-15",35,3,1,NA,NA,8,0,0,0
"249",35,"2014-15",55,3,1,NA,NA,10,0,0,0
"250",36,"2014-15",60,1,2,NA,NA,16,0,0,0
"251",37,"2014-15",74,4,1,NA,NA,22,0,0,0
"252",38,"2014-15",48,1,3,NA,NA,14,0,0,0
"253",39,"2014-15",63,3,1,NA,NA,25,0,0,0
"254",40,"2013-14",10,63,0,NA,NA,6,1,0,0
"255",41,"2013-14",20,53,1,NA,NA,4,0,0,0
"256",42,"2013-14",15,48,1,NA,NA,5,0,0,0
"257",43,"2013-14",16,69,0,NA,NA,0,0,0,0
"258",44,"2013-14",22,79,4,NA,NA,14,0,0,0
"259",45,"2013-14",23,135,0,NA,NA,10,0,0,0
"260",46,"2013-14",17,230,5,NA,NA,4,0,0,0
"261",47,"2013-14",14,357,1,NA,NA,11,0,0,0
"262",48,"2013-14",24,378,1,NA,NA,5,0,0,0
"263",49,"2013-14",26,791,4,NA,NA,13,0,0,0
"264",50,"2013-14",48,1025,5,NA,NA,9,0,0,0
"265",51,"2013-14",38,1543,16,NA,NA,9,0,0,0
"266",52,"2013-14",38,2082,16,NA,NA,10,0,0,0
"267",1,"2013-14",75,2397,19,NA,NA,14,0,0,0
"268",2,"2013-14",84,2624,26,NA,NA,8,0,0,0
"269",3,"2013-14",98,2476,24,NA,NA,20,0,0,0
"270",4,"2013-14",114,2048,41,NA,NA,45,0,0,0
"271",5,"2013-14",79,1466,31,NA,NA,42,0,0,0
"272",6,"2013-14",109,1244,10,NA,NA,67,0,0,0
"273",7,"2013-14",76,852,14,NA,NA,87,0,0,0
"274",8,"2013-14",68,655,13,NA,NA,102,0,0,0
"275",9,"2013-14",75,465,15,NA,NA,111,0,0,0
"276",10,"2013-14",85,318,7,NA,NA,128,0,0,0
"277",11,"2013-14",111,277,4,NA,NA,130,0,0,0
"278",12,"2013-14",131,158,10,NA,NA,196,0,0,0
"279",13,"2013-14",146,112,6,NA,NA,203,0,0,0
"280",14,"2013-14",170,90,4,NA,NA,241,0,0,0
"281",15,"2013-14",140,40,3,NA,NA,287,0,0,0
"282",16,"2013-14",150,18,4,NA,NA,230,0,0,0
"283",17,"2013-14",137,24,5,NA,NA,229,0,0,0
"284",18,"2013-14",111,9,5,NA,NA,184,0,0,0
"285",19,"2013-14",84,7,4,NA,NA,163,0,0,0
"286",20,"2013-14",92,6,7,NA,NA,153,0,0,0
"287",21,"2013-14",91,0,2,NA,NA,116,0,0,0
"288",22,"2013-14",101,1,2,NA,NA,118,0,0,0
"289",23,"2013-14",85,3,0,NA,NA,73,0,0,0
"290",24,"2013-14",90,3,2,NA,NA,57,0,0,0
"291",25,"2013-14",64,2,1,NA,NA,52,0,0,0
"292",26,"2013-14",41,1,0,NA,NA,56,0,0,0
"293",27,"2013-14",45,2,0,NA,NA,33,0,0,0
"294",28,"2013-14",49,1,1,NA,NA,31,0,0,0
"295",29,"2013-14",36,0,0,NA,NA,30,0,0,0
"296",30,"2013-14",36,1,1,NA,NA,21,0,0,0
"297",31,"2013-14",51,1,0,NA,NA,25,0,0,0
"298",32,"2013-14",41,5,2,NA,NA,11,1,0,0
"299",33,"2013-14",49,0,0,NA,NA,13,0,0,0
"300",34,"2013-14",44,2,0,NA,NA,18,1,0,0
"301",35,"2013-14",60,6,0,NA,NA,17,0,0,0
"302",36,"2013-14",41,7,1,NA,NA,16,0,0,0
"303",37,"2013-14",64,1,1,NA,NA,24,0,0,0
"304",38,"2013-14",75,5,2,NA,NA,10,0,0,0
"305",39,"2013-14",83,0,2,NA,NA,15,0,0,0
"306",40,"2012-13",65,9,1,NA,NA,32,0,0,0
"307",41,"2012-13",62,6,0,NA,NA,35,0,0,0
"308",42,"2012-13",121,3,3,NA,NA,49,0,0,0
"309",43,"2012-13",146,2,0,NA,NA,71,0,0,0
"310",44,"2012-13",172,3,2,NA,NA,72,0,0,0
"311",45,"2012-13",259,4,4,NA,NA,110,0,0,0
"312",46,"2012-13",368,8,2,NA,NA,117,2,0,0
"313",47,"2012-13",530,4,6,NA,NA,142,0,0,0
"314",48,"2012-13",910,17,12,NA,NA,193,0,0,0
"315",49,"2012-13",1596,34,16,NA,NA,277,0,0,0
"316",50,"2012-13",2366,34,16,NA,NA,338,0,0,0
"317",51,"2012-13",3110,49,18,NA,NA,429,0,0,0
"318",52,"2012-13",3148,72,42,NA,NA,332,0,0,0
"319",1,"2012-13",2911,72,43,NA,NA,331,0,0,0
"320",2,"2012-13",3126,100,56,NA,NA,413,0,0,0
"321",3,"2012-13",2374,86,54,NA,NA,394,0,0,0
"322",4,"2012-13",1864,102,35,NA,NA,411,0,0,0
"323",5,"2012-13",1443,108,30,NA,NA,396,0,0,0
"324",6,"2012-13",897,86,17,NA,NA,409,0,0,0
"325",7,"2012-13",655,60,11,NA,NA,443,0,0,0
"326",8,"2012-13",431,58,6,NA,NA,461,0,0,0
"327",9,"2012-13",344,45,4,NA,NA,420,0,0,0
"328",10,"2012-13",259,43,5,NA,NA,410,0,0,0
"329",11,"2012-13",167,37,1,NA,NA,416,0,0,0
"330",12,"2012-13",137,29,2,NA,NA,403,0,0,0
"331",13,"2012-13",94,33,1,NA,NA,352,0,0,0
"332",14,"2012-13",104,26,0,NA,NA,286,0,0,0
"333",15,"2012-13",55,40,1,NA,NA,217,0,0,0
"334",16,"2012-13",62,28,0,NA,NA,165,0,0,0
"335",17,"2012-13",51,31,2,NA,NA,123,0,0,0
"336",18,"2012-13",51,17,3,NA,NA,131,0,0,0
"337",19,"2012-13",33,12,1,NA,NA,88,0,0,0
"338",20,"2012-13",22,11,0,NA,NA,69,0,0,0
"339",21,"2012-13",20,13,0,NA,NA,68,0,0,0
"340",22,"2012-13",13,12,0,NA,NA,47,0,0,0
"341",23,"2012-13",11,10,0,NA,NA,45,0,0,0
"342",24,"2012-13",12,19,1,NA,NA,37,0,0,0
"343",25,"2012-13",12,26,1,NA,NA,33,2,0,0
"344",26,"2012-13",5,32,0,NA,NA,22,6,0,0
"345",27,"2012-13",10,17,0,NA,NA,17,4,0,0
"346",28,"2012-13",30,19,1,NA,NA,9,0,0,0
"347",29,"2012-13",4,20,0,NA,NA,5,1,0,0
"348",30,"2012-13",11,18,0,NA,NA,6,1,0,0
"349",31,"2012-13",11,23,1,NA,NA,11,2,0,0
"350",32,"2012-13",10,28,2,NA,NA,9,0,0,0
"351",33,"2012-13",2,15,0,NA,NA,6,0,0,0
"352",34,"2012-13",4,11,0,NA,NA,2,1,0,0
"353",35,"2012-13",4,40,1,NA,NA,2,1,0,0
"354",36,"2012-13",5,23,0,NA,NA,3,0,0,0
"355",37,"2012-13",7,47,0,NA,NA,2,0,0,0
"356",38,"2012-13",6,35,1,NA,NA,2,0,0,0
"357",39,"2012-13",9,53,0,NA,NA,4,0,0,0
"358",40,"2011-12",12,3,1,NA,NA,4,0,0,0
"359",41,"2011-12",9,0,0,NA,NA,2,0,0,0
"360",42,"2011-12",10,2,1,NA,NA,3,0,0,0
"361",43,"2011-12",12,0,2,NA,NA,3,0,0,0
"362",44,"2011-12",15,1,2,NA,NA,2,0,0,0
"363",45,"2011-12",14,0,0,NA,NA,1,0,0,0
"364",46,"2011-12",14,0,5,NA,NA,3,0,0,0
"365",47,"2011-12",22,1,0,NA,NA,2,0,0,0
"366",48,"2011-12",26,2,1,NA,NA,2,0,0,0
"367",49,"2011-12",37,2,0,NA,NA,2,0,0,0
"368",50,"2011-12",71,4,0,NA,NA,8,0,0,0
"369",51,"2011-12",96,5,0,NA,NA,7,0,0,0
"370",52,"2011-12",93,4,0,NA,NA,13,0,0,0
"371",1,"2011-12",98,13,1,NA,NA,13,0,0,0
"372",2,"2011-12",135,21,4,NA,NA,13,0,0,0
"373",3,"2011-12",181,42,7,NA,NA,12,0,0,0
"374",4,"2011-12",245,67,5,NA,NA,16,0,0,0
"375",5,"2011-12",335,97,4,NA,NA,20,0,0,0
"376",6,"2011-12",385,141,0,NA,NA,37,0,0,0
"377",7,"2011-12",459,172,26,NA,NA,36,0,0,0
"378",8,"2011-12",629,220,22,NA,NA,43,0,0,0
"379",9,"2011-12",908,337,18,NA,NA,56,0,0,0
"380",10,"2011-12",1134,376,39,NA,NA,62,0,0,0
"381",11,"2011-12",1261,467,38,NA,NA,107,0,0,0
"382",12,"2011-12",960,357,29,NA,NA,122,0,0,0
"383",13,"2011-12",609,213,12,NA,NA,107,0,0,0
"384",14,"2011-12",539,199,19,NA,NA,117,0,0,0
"385",15,"2011-12",510,139,17,NA,NA,147,0,0,0
"386",16,"2011-12",482,85,13,NA,NA,163,0,0,0
"387",17,"2011-12",316,52,8,NA,NA,127,0,0,0
"388",18,"2011-12",279,43,4,NA,NA,154,0,0,0
"389",19,"2011-12",211,21,3,NA,NA,155,0,0,0
"390",20,"2011-12",144,19,4,NA,NA,122,0,0,0
"391",21,"2011-12",66,10,0,NA,NA,129,0,0,0
"392",22,"2011-12",60,1,0,NA,NA,83,0,0,0
"393",23,"2011-12",42,4,4,NA,NA,69,0,0,0
"394",24,"2011-12",46,2,4,NA,NA,50,0,0,0
"395",25,"2011-12",32,1,5,NA,NA,31,0,0,0
"396",26,"2011-12",17,0,0,NA,NA,28,0,0,0
"397",27,"2011-12",14,1,0,NA,NA,23,0,0,0
"398",28,"2011-12",31,3,0,NA,NA,13,1,0,0
"399",29,"2011-12",17,0,0,NA,NA,26,0,0,0
"400",30,"2011-12",49,0,1,NA,NA,18,9,0,0
"401",31,"2011-12",63,1,0,NA,NA,16,94,0,0
"402",32,"2011-12",59,1,1,NA,NA,12,73,0,0
"403",33,"2011-12",65,5,0,NA,NA,10,51,0,0
"404",34,"2011-12",47,4,1,NA,NA,9,13,0,0
"405",35,"2011-12",37,0,4,NA,NA,6,12,0,0
"406",36,"2011-12",32,1,2,NA,NA,7,5,0,0
"407",37,"2011-12",16,0,0,NA,NA,12,2,0,0
"408",38,"2011-12",42,5,1,NA,NA,6,0,0,0
"409",39,"2011-12",38,6,4,NA,NA,22,0,0,0
"410",40,"2010-11",16,7,2,NA,NA,5,0,0,0
"411",41,"2010-11",33,12,1,NA,NA,13,0,0,0
"412",42,"2010-11",33,7,1,NA,NA,19,0,0,0
"413",43,"2010-11",48,10,3,NA,NA,15,0,0,0
"414",44,"2010-11",47,10,0,NA,NA,32,0,0,0
"415",45,"2010-11",64,11,0,NA,NA,36,0,0,0
"416",46,"2010-11",94,16,4,NA,NA,57,0,0,0
"417",47,"2010-11",114,10,3,NA,NA,46,0,0,0
"418",48,"2010-11",130,31,3,NA,NA,89,0,0,0
"419",49,"2010-11",282,36,3,NA,NA,117,0,0,0
"420",50,"2010-11",404,74,18,NA,NA,179,0,0,0
"421",51,"2010-11",612,88,20,NA,NA,195,0,0,0
"422",52,"2010-11",794,185,23,NA,NA,243,0,0,0
"423",1,"2010-11",850,318,24,NA,NA,259,0,0,0
"424",2,"2010-11",926,500,20,NA,NA,332,0,0,0
"425",3,"2010-11",1112,742,16,NA,NA,398,0,0,0
"426",4,"2010-11",1156,964,27,NA,NA,531,0,0,0
"427",5,"2010-11",1138,1073,41,NA,NA,580,0,0,0
"428",6,"2010-11",1167,1119,26,NA,NA,601,0,0,0
"429",7,"2010-11",1245,1248,39,NA,NA,667,0,0,0
"430",8,"2010-11",1016,1017,34,NA,NA,569,0,0,0
"431",9,"2010-11",852,818,17,NA,NA,446,0,0,0
"432",10,"2010-11",767,611,26,NA,NA,381,0,0,0
"433",11,"2010-11",541,377,16,NA,NA,312,0,0,0
"434",12,"2010-11",374,214,11,NA,NA,228,0,0,0
"435",13,"2010-11",248,147,11,NA,NA,150,0,0,0
"436",14,"2010-11",197,71,5,NA,NA,147,0,0,0
"437",15,"2010-11",127,32,1,NA,NA,96,0,0,0
"438",16,"2010-11",54,21,6,NA,NA,44,0,0,0
"439",17,"2010-11",24,7,2,NA,NA,30,0,0,0
"440",18,"2010-11",22,10,2,NA,NA,9,0,0,0
"441",19,"2010-11",8,2,0,NA,NA,4,0,0,0
"442",20,"2010-11",6,0,1,NA,NA,5,0,0,0
"443",21,"2010-11",3,2,1,NA,NA,3,0,0,0
"444",22,"2010-11",0,1,0,NA,NA,2,0,0,0
"445",23,"2010-11",0,0,0,NA,NA,2,0,0,0
"446",24,"2010-11",0,2,1,NA,NA,0,0,0,0
"447",25,"2010-11",0,0,0,NA,NA,0,0,0,0
"448",26,"2010-11",0,2,0,NA,NA,0,0,0,0
"449",27,"2010-11",1,2,1,NA,NA,0,0,0,0
"450",28,"2010-11",3,0,1,NA,NA,1,0,0,0
"451",29,"2010-11",3,0,0,NA,NA,2,0,0,0
"452",30,"2010-11",0,0,0,NA,NA,0,0,0,0
"453",31,"2010-11",2,3,0,NA,NA,1,0,0,0
"454",32,"2010-11",2,1,0,NA,NA,0,0,0,0
"455",33,"2010-11",5,2,1,NA,NA,2,0,1,0
"456",34,"2010-11",5,0,1,NA,NA,3,0,0,0
"457",35,"2010-11",3,2,0,NA,NA,0,0,0,0
"458",36,"2010-11",3,1,0,NA,NA,2,0,0,0
"459",37,"2010-11",6,0,1,NA,NA,1,0,0,0
"460",38,"2010-11",4,0,2,NA,NA,3,0,0,0
"461",39,"2010-11",15,1,0,NA,NA,2,0,0,0
"462",40,"2009-10",11,1603,64,NA,NA,1,0,17,9
"463",41,"2009-10",5,1877,34,NA,NA,5,0,8,4
"464",42,"2009-10",1,2216,57,NA,NA,1,0,9,3
"465",43,"2009-10",6,2387,57,NA,NA,3,0,24,2
"466",44,"2009-10",4,3210,79,NA,NA,3,0,24,8
"467",45,"2009-10",2,5108,160,NA,NA,8,0,18,1
"468",46,"2009-10",0,6433,279,NA,NA,10,0,18,0
"469",47,"2009-10",4,7284,327,NA,NA,15,0,27,3
"470",48,"2009-10",2,5770,293,NA,NA,5,0,37,1
"471",49,"2009-10",2,4510,193,NA,NA,17,0,21,2
"472",50,"2009-10",1,3593,111,NA,NA,5,0,21,2
"473",51,"2009-10",0,2208,61,NA,NA,4,0,21,1
"474",52,"2009-10",2,1140,44,NA,NA,0,0,9,1
"475",53,"2009-10",0,784,36,NA,NA,3,0,9,0
"476",54,"2009-10",3,484,17,NA,NA,0,0,7,1
"477",55,"2009-10",3,362,15,NA,NA,5,0,5,0
"478",56,"2009-10",0,198,10,NA,NA,0,0,1,0
"479",57,"2009-10",1,224,5,NA,NA,4,0,1,0
"480",1,"2009-10",1,225,9,NA,NA,3,0,3,0
"481",2,"2009-10",3,208,5,NA,NA,4,0,2,1
"482",3,"2009-10",0,251,2,NA,NA,1,0,2,0
"483",4,"2009-10",3,219,5,NA,NA,3,0,0,0
"484",5,"2009-10",0,259,5,NA,NA,3,0,0,0
"485",6,"2009-10",0,210,5,NA,NA,5,0,0,1
"486",7,"2009-10",0,220,5,NA,NA,6,0,0,0
"487",8,"2009-10",1,293,4,NA,NA,1,0,0,0
"488",9,"2009-10",0,274,5,NA,NA,1,0,0,0
"489",10,"2009-10",0,314,6,NA,NA,6,0,0,0
"490",11,"2009-10",0,234,8,NA,NA,0,0,0,0
"491",12,"2009-10",1,155,2,NA,NA,4,0,0,0
"492",13,"2009-10",1,145,1,NA,NA,1,0,0,0
"493",14,"2009-10",1,90,5,NA,NA,1,0,0,0
"494",15,"2009-10",2,42,1,NA,NA,6,0,0,0
"495",16,"2009-10",2,16,0,NA,NA,11,0,0,0
"496",17,"2009-10",0,13,0,NA,NA,2,0,0,0
"497",18,"2009-10",1,17,0,NA,NA,2,0,0,0
"498",19,"2009-10",2,5,0,NA,NA,3,0,0,0
"499",20,"2009-10",1,4,0,NA,NA,2,0,1,0
"500",21,"2009-10",0,0,0,NA,NA,2,0,0,0
"501",22,"2009-10",0,3,0,NA,NA,2,0,0,0
"502",23,"2009-10",1,1,0,NA,NA,2,0,0,0
"503",24,"2009-10",3,1,0,NA,NA,1,0,0,0
"504",25,"2009-10",4,3,0,NA,NA,0,0,0,0
"505",26,"2009-10",1,1,0,NA,NA,0,0,0,0
"506",27,"2009-10",4,1,0,NA,NA,0,0,0,0
"507",28,"2009-10",7,1,0,NA,NA,0,0,0,0
"508",29,"2009-10",2,3,0,NA,NA,3,0,0,0
"509",30,"2009-10",12,1,1,NA,NA,2,0,0,0
"510",31,"2009-10",8,4,0,NA,NA,1,0,0,0
"511",32,"2009-10",9,7,1,NA,NA,8,0,0,0
"512",33,"2009-10",8,2,0,NA,NA,0,0,0,0
"513",34,"2009-10",15,8,0,NA,NA,4,0,0,0
"514",35,"2009-10",12,6,0,NA,NA,1,0,0,0
"515",36,"2009-10",14,8,0,NA,NA,3,0,0,0
"516",37,"2009-10",27,5,0,NA,NA,5,0,0,1
"517",38,"2009-10",29,0,3,NA,NA,8,0,0,0
"518",39,"2009-10",16,2,0,NA,NA,8,0,0,0
"519",40,"2008-9",0,0,0,NA,NA,2,0,0,3
"520",41,"2008-9",4,0,1,NA,NA,2,0,0,4
"521",42,"2008-9",3,0,1,NA,NA,3,0,0,13
"522",43,"2008-9",0,0,0,NA,NA,5,0,0,22
"523",44,"2008-9",3,0,0,NA,NA,2,0,0,12
"524",45,"2008-9",2,0,0,NA,NA,3,0,0,32
"525",46,"2008-9",2,0,0,NA,NA,2,0,0,23
"526",47,"2008-9",1,0,0,NA,NA,11,0,0,23
"527",48,"2008-9",0,0,0,NA,NA,9,0,0,40
"528",1,"2008-9",5,0,1,NA,NA,2,0,0,41
"529",2,"2008-9",10,0,0,NA,NA,7,0,0,65
"530",3,"2008-9",19,0,5,NA,NA,18,0,0,70
"531",4,"2008-9",14,0,9,NA,NA,11,0,0,64
"532",5,"2008-9",19,0,7,NA,NA,17,0,0,103
"533",6,"2008-9",33,0,22,NA,NA,26,0,0,145
"534",7,"2008-9",25,0,41,NA,NA,27,0,0,189
"535",8,"2008-9",44,0,51,NA,NA,73,0,0,332
"536",9,"2008-9",75,0,49,NA,NA,145,0,0,509
"537",10,"2008-9",50,0,48,NA,NA,275,0,0,610
"538",11,"2008-9",62,0,63,NA,NA,376,0,0,737
"539",12,"2008-9",58,0,59,NA,NA,363,0,1,787
"540",13,"2008-9",54,0,102,NA,NA,498,0,0,653
"541",14,"2008-9",61,0,70,NA,NA,527,0,0,508
"542",15,"2008-9",59,0,45,NA,NA,427,0,0,353
"543",16,"2008-9",61,0,24,NA,NA,388,0,0,341
"544",17,"2008-9",42,0,15,NA,NA,294,0,0,247
"545",18,"2008-9",27,0,14,NA,NA,226,0,0,116
"546",19,"2008-9",35,0,5,NA,NA,145,0,1,98
"547",20,"2008-9",27,0,6,NA,NA,95,0,0,38
"548",21,"2008-9",35,14,41,NA,NA,59,0,1,41
"549",22,"2008-9",793,1245,173,NA,NA,479,0,170,603
"550",23,"2008-9",712,2279,271,NA,NA,284,0,87,451
"551",24,"2008-9",203,1642,273,NA,NA,85,0,27,136
"552",25,"2008-9",218,2536,462,NA,NA,55,0,24,60
"553",26,"2008-9",245,2755,278,NA,NA,20,0,18,22
"554",27,"2008-9",394,3393,183,NA,NA,8,0,15,20
"555",28,"2008-9",237,3809,127,NA,NA,7,0,14,13
"556",29,"2008-9",199,3874,108,NA,NA,4,0,21,4
"557",30,"2008-9",64,2642,46,NA,NA,2,0,32,1
"558",31,"2008-9",38,1989,30,NA,NA,0,0,20,13
"559",32,"2008-9",36,2239,17,NA,NA,1,0,9,1
"560",33,"2008-9",29,2022,9,NA,NA,0,0,22,2
"561",34,"2008-9",16,1773,13,NA,NA,0,0,13,3
"562",35,"2008-9",11,1739,25,NA,NA,0,0,21,3
"563",36,"2008-9",6,1178,98,NA,NA,1,0,15,10
"564",37,"2008-9",7,1159,19,NA,NA,1,0,6,8
"565",38,"2008-9",17,1509,12,NA,NA,0,0,11,9
"566",39,"2008-9",13,1387,19,NA,NA,5,0,12,5
"567",40,"2007-8",1,NA,3,NA,NA,3,0,0,17
"568",41,"2007-8",3,NA,0,NA,NA,0,0,0,19
"569",42,"2007-8",2,NA,1,NA,NA,1,0,0,15
"570",43,"2007-8",2,NA,1,NA,NA,2,0,0,16
"571",44,"2007-8",0,NA,0,NA,NA,9,0,0,10
"572",45,"2007-8",10,NA,0,NA,NA,8,0,0,16
"573",46,"2007-8",6,NA,2,NA,NA,0,0,0,24
"574",47,"2007-8",2,NA,2,NA,NA,9,0,0,33
"575",48,"2007-8",12,NA,4,NA,NA,10,0,0,47
"576",49,"2007-8",10,NA,0,NA,NA,14,0,0,34
"577",50,"2007-8",20,NA,3,NA,NA,14,0,0,50
"578",51,"2007-8",24,NA,5,NA,NA,30,0,0,62
"579",52,"2007-8",25,NA,1,NA,NA,40,0,0,73
"580",1,"2007-8",53,NA,8,NA,NA,55,0,0,90
"581",2,"2007-8",121,NA,26,NA,NA,77,0,0,135
"582",3,"2007-8",192,NA,23,NA,NA,100,0,0,174
"583",4,"2007-8",364,NA,45,NA,NA,143,0,0,180
"584",5,"2007-8",589,NA,137,NA,NA,240,0,0,221
"585",6,"2007-8",791,NA,139,NA,NA,309,0,0,232
"586",7,"2007-8",783,NA,242,NA,NA,268,0,0,173
"587",8,"2007-8",911,NA,237,NA,NA,316,0,0,170
"588",9,"2007-8",797,NA,192,NA,NA,375,0,0,118
"589",10,"2007-8",602,NA,169,NA,NA,380,0,0,70
"590",11,"2007-8",469,NA,103,NA,NA,324,0,0,63
"591",12,"2007-8",382,NA,60,NA,NA,277,0,0,43
"592",13,"2007-8",165,NA,56,NA,NA,279,0,0,13
"593",14,"2007-8",104,NA,18,NA,NA,187,0,0,12
"594",15,"2007-8",54,NA,11,NA,NA,166,0,0,5
"595",16,"2007-8",26,NA,14,NA,NA,95,0,0,0
"596",17,"2007-8",11,NA,1,NA,NA,56,0,0,5
"597",18,"2007-8",8,NA,2,NA,NA,35,0,0,1
"598",19,"2007-8",10,NA,2,NA,NA,23,0,0,0
"599",20,"2007-8",3,NA,2,NA,NA,15,0,0,0
"600",21,"2007-8",4,NA,2,NA,NA,10,0,0,1
"601",22,"2007-8",2,NA,0,NA,NA,5,0,0,0
"602",23,"2007-8",1,NA,0,NA,NA,4,0,0,0
"603",24,"2007-8",0,NA,0,NA,NA,5,0,0,0
"604",25,"2007-8",2,NA,0,NA,NA,1,0,0,0
"605",26,"2007-8",0,NA,0,NA,NA,6,0,0,0
"606",27,"2007-8",0,NA,0,NA,NA,2,0,0,0
"607",28,"2007-8",1,NA,0,NA,NA,3,0,0,1
"608",29,"2007-8",0,NA,0,NA,NA,1,0,0,0
"609",30,"2007-8",5,NA,1,NA,NA,0,0,0,1
"610",31,"2007-8",1,NA,0,NA,NA,2,0,0,0
"611",32,"2007-8",0,NA,0,NA,NA,1,0,0,1
"612",33,"2007-8",0,NA,0,NA,NA,1,0,0,0
"613",34,"2007-8",1,NA,0,NA,NA,3,0,0,0
"614",35,"2007-8",0,NA,0,NA,NA,2,0,0,0
"615",36,"2007-8",0,NA,0,NA,NA,0,0,0,1
"616",37,"2007-8",2,NA,0,NA,NA,2,0,0,0
"617",38,"2007-8",3,NA,0,NA,NA,2,0,0,3
"618",39,"2007-8",0,NA,0,NA,NA,0,0,0,2
"619",40,"2006-7",2,NA,2,NA,NA,2,0,0,10
"620",41,"2006-7",1,NA,2,NA,NA,3,0,0,20
"621",42,"2006-7",3,NA,3,NA,NA,7,0,0,17
"622",43,"2006-7",1,NA,2,NA,NA,2,0,0,11
"623",44,"2006-7",1,NA,0,NA,NA,18,0,0,24
"624",45,"2006-7",0,NA,2,NA,NA,23,0,0,18
"625",46,"2006-7",0,NA,4,NA,NA,15,0,0,25
"626",47,"2006-7",2,NA,1,NA,NA,7,0,0,21
"627",48,"2006-7",1,NA,7,NA,NA,24,0,0,42
"628",49,"2006-7",2,NA,5,NA,NA,25,0,0,53
"629",50,"2006-7",9,NA,8,NA,NA,38,0,0,103
"630",51,"2006-7",9,NA,24,NA,NA,49,0,0,186
"631",52,"2006-7",12,NA,20,NA,NA,40,0,0,194
"632",1,"2006-7",13,NA,8,NA,NA,27,0,0,119
"633",2,"2006-7",32,NA,8,NA,NA,43,0,0,172
"634",3,"2006-7",42,NA,28,NA,NA,32,0,0,164
"635",4,"2006-7",76,NA,47,NA,NA,59,0,0,293
"636",5,"2006-7",100,NA,64,NA,NA,73,0,0,345
"637",6,"2006-7",125,NA,74,NA,NA,128,0,0,453
"638",7,"2006-7",130,NA,127,NA,NA,129,0,0,405
"639",8,"2006-7",145,NA,100,NA,NA,168,0,0,284
"640",9,"2006-7",183,NA,87,NA,NA,192,0,0,192
"641",10,"2006-7",186,NA,51,NA,NA,195,0,0,164
"642",11,"2006-7",200,NA,46,NA,NA,181,0,0,145
"643",12,"2006-7",162,NA,38,NA,NA,163,0,0,64
"644",13,"2006-7",159,NA,15,NA,NA,90,0,0,56
"645",14,"2006-7",98,NA,15,NA,NA,71,0,0,31
"646",15,"2006-7",181,NA,12,NA,NA,79,0,0,29
"647",16,"2006-7",122,NA,13,NA,NA,43,0,0,25
"648",17,"2006-7",119,NA,9,NA,NA,29,0,0,21
"649",18,"2006-7",76,NA,4,NA,NA,32,0,0,15
"650",19,"2006-7",37,NA,1,NA,NA,17,0,0,7
"651",20,"2006-7",23,NA,0,NA,NA,14,0,0,3
"652",21,"2006-7",31,NA,2,NA,NA,7,0,0,4
"653",22,"2006-7",7,NA,2,NA,NA,4,0,0,2
"654",23,"2006-7",5,NA,1,NA,NA,1,0,0,1
"655",24,"2006-7",6,NA,0,NA,NA,4,0,0,0
"656",25,"2006-7",1,NA,0,NA,NA,2,0,0,3
"657",26,"2006-7",1,NA,0,NA,NA,0,0,0,0
"658",27,"2006-7",3,NA,0,NA,NA,3,0,0,2
"659",28,"2006-7",8,NA,0,NA,NA,2,0,0,4
"660",29,"2006-7",3,NA,0,NA,NA,1,0,0,4
"661",30,"2006-7",7,NA,0,NA,NA,1,0,0,14
"662",31,"2006-7",6,NA,1,NA,NA,1,0,0,2
"663",32,"2006-7",5,NA,0,NA,NA,1,0,0,11
"664",33,"2006-7",2,NA,1,NA,NA,0,0,0,7
"665",34,"2006-7",0,NA,0,NA,NA,1,0,0,1
"666",35,"2006-7",0,NA,2,NA,NA,7,0,0,10
"667",36,"2006-7",0,NA,0,NA,NA,0,0,0,10
"668",37,"2006-7",1,NA,1,NA,NA,7,0,0,14
"669",38,"2006-7",1,NA,0,NA,NA,3,0,0,11
"670",39,"2006-7",1,NA,2,NA,NA,0,0,0,3
"671",40,"2005-6",6,NA,3,NA,NA,0,0,0,0
"672",41,"2005-6",6,NA,1,NA,NA,1,0,0,0
"673",42,"2005-6",11,NA,0,NA,NA,1,0,0,0
"674",43,"2005-6",5,NA,1,NA,NA,0,0,0,0
"675",44,"2005-6",12,NA,0,NA,NA,2,0,0,0
"676",45,"2005-6",18,NA,3,NA,NA,0,0,0,1
"677",46,"2005-6",13,NA,2,NA,NA,1,0,0,2
"678",47,"2005-6",18,NA,1,NA,NA,1,0,0,0
"679",48,"2005-6",52,NA,13,NA,NA,0,0,0,1
"680",49,"2005-6",111,NA,17,NA,NA,5,0,0,0
"681",50,"2005-6",228,NA,35,NA,NA,2,0,0,0
"682",51,"2005-6",277,NA,67,NA,NA,5,0,0,0
"683",52,"2005-6",304,NA,61,NA,NA,4,0,0,2
"684",1,"2005-6",235,NA,50,NA,NA,11,0,0,1
"685",2,"2005-6",270,NA,61,NA,NA,6,0,0,2
"686",3,"2005-6",262,NA,29,NA,NA,9,0,0,2
"687",4,"2005-6",279,NA,52,NA,NA,5,0,0,4
"688",5,"2005-6",296,NA,57,NA,NA,16,0,0,5
"689",6,"2005-6",291,NA,90,NA,NA,43,0,0,7
"690",7,"2005-6",358,NA,93,NA,NA,40,0,0,16
"691",8,"2005-6",334,NA,111,NA,NA,35,0,0,14
"692",9,"2005-6",401,NA,118,NA,NA,72,0,0,29
"693",10,"2005-6",392,NA,107,NA,NA,86,0,0,54
"694",11,"2005-6",255,NA,56,NA,NA,104,0,0,39
"695",12,"2005-6",173,NA,46,NA,NA,142,0,0,77
"696",13,"2005-6",120,NA,26,NA,NA,152,0,0,63
"697",14,"2005-6",48,NA,34,NA,NA,133,0,0,38
"698",15,"2005-6",45,NA,15,NA,NA,82,0,0,22
"699",16,"2005-6",28,NA,8,NA,NA,78,0,0,24
"700",17,"2005-6",2,NA,3,NA,NA,48,0,0,10
"701",18,"2005-6",7,NA,6,NA,NA,46,0,0,6
"702",19,"2005-6",0,NA,7,NA,NA,36,0,0,12
"703",20,"2005-6",1,NA,5,NA,NA,25,0,0,5
"704",21,"2005-6",0,NA,0,NA,NA,31,0,0,9
"705",22,"2005-6",0,NA,1,NA,NA,21,0,0,8
"706",23,"2005-6",0,NA,0,NA,NA,17,0,0,9
"707",24,"2005-6",0,NA,0,NA,NA,6,0,0,3
"708",25,"2005-6",0,NA,0,NA,NA,6,0,0,2
"709",26,"2005-6",1,NA,0,NA,NA,5,0,0,3
"710",27,"2005-6",0,NA,0,NA,NA,0,0,0,2
"711",28,"2005-6",1,NA,0,NA,NA,0,0,0,0
"712",29,"2005-6",0,NA,0,NA,NA,2,0,0,0
"713",30,"2005-6",1,NA,0,NA,NA,1,0,0,6
"714",31,"2005-6",0,NA,0,NA,NA,1,0,0,3
"715",32,"2005-6",0,NA,0,NA,NA,0,0,0,1
"716",33,"2005-6",0,NA,0,NA,NA,1,0,0,2
"717",34,"2005-6",0,NA,0,NA,NA,1,0,0,3
"718",35,"2005-6",0,NA,0,NA,NA,0,0,0,5
"719",36,"2005-6",0,NA,1,NA,NA,0,0,0,5
"720",37,"2005-6",0,NA,0,NA,NA,0,0,0,12
"721",38,"2005-6",0,NA,0,NA,NA,0,0,0,22
"722",39,"2005-6",0,NA,1,NA,NA,0,0,0,13
"723",40,"2004-5",4,NA,0,NA,NA,2,0,0,0
"724",41,"2004-5",10,NA,1,NA,NA,0,0,0,0
"725",42,"2004-5",14,NA,5,NA,NA,5,0,0,0
"726",43,"2004-5",12,NA,0,NA,NA,6,0,0,0
"727",44,"2004-5",19,NA,2,NA,NA,13,0,0,0
"728",45,"2004-5",25,NA,2,NA,NA,20,0,0,0
"729",46,"2004-5",37,NA,19,NA,NA,11,0,0,0
"730",47,"2004-5",17,NA,4,NA,NA,16,0,0,0
"731",48,"2004-5",58,NA,11,NA,NA,24,0,0,0
"732",49,"2004-5",80,NA,13,NA,NA,18,0,0,0
"733",50,"2004-5",102,NA,23,NA,NA,22,0,0,1
"734",51,"2004-5",153,NA,44,NA,NA,29,0,0,1
"735",52,"2004-5",312,NA,73,NA,NA,69,0,0,0
"736",1,"2004-5",358,NA,128,NA,NA,95,0,0,2
"737",2,"2004-5",275,NA,110,NA,NA,101,0,0,1
"738",3,"2004-5",325,NA,111,NA,NA,110,0,0,2
"739",4,"2004-5",460,NA,163,NA,NA,127,0,0,1
"740",5,"2004-5",599,NA,200,NA,NA,190,0,0,0
"741",6,"2004-5",570,NA,154,NA,NA,208,0,0,2
"742",7,"2004-5",609,NA,159,NA,NA,254,0,0,1
"743",8,"2004-5",473,NA,108,NA,NA,262,0,0,1
"744",9,"2004-5",200,NA,95,NA,NA,203,0,0,0
"745",10,"2004-5",145,NA,52,NA,NA,131,0,0,0
"746",11,"2004-5",135,NA,38,NA,NA,172,0,0,0
"747",12,"2004-5",90,NA,20,NA,NA,146,0,0,0
"748",13,"2004-5",51,NA,12,NA,NA,101,0,0,3
"749",14,"2004-5",46,NA,9,NA,NA,72,0,0,0
"750",15,"2004-5",13,NA,2,NA,NA,52,0,0,0
"751",16,"2004-5",21,NA,4,NA,NA,39,0,0,1
"752",17,"2004-5",9,NA,0,NA,NA,23,0,0,0
"753",18,"2004-5",7,NA,0,NA,NA,18,0,0,0
"754",19,"2004-5",12,NA,0,NA,NA,11,0,0,0
"755",20,"2004-5",18,NA,0,NA,NA,8,0,0,0
"756",21,"2004-5",4,NA,2,NA,NA,8,0,0,0
"757",22,"2004-5",5,NA,1,NA,NA,11,0,0,0
"758",23,"2004-5",4,NA,0,NA,NA,7,0,0,0
"759",24,"2004-5",3,NA,0,NA,NA,7,0,0,0
"760",25,"2004-5",5,NA,0,NA,NA,3,0,0,0
"761",26,"2004-5",0,NA,0,NA,NA,1,0,0,0
"762",27,"2004-5",1,NA,0,NA,NA,2,0,0,0
"763",28,"2004-5",0,NA,0,NA,NA,0,0,0,0
"764",29,"2004-5",0,NA,0,NA,NA,1,0,0,0
"765",30,"2004-5",1,NA,0,NA,NA,1,0,0,0
"766",31,"2004-5",0,NA,0,NA,NA,0,0,0,0
"767",32,"2004-5",3,NA,0,NA,NA,0,0,0,0
"768",33,"2004-5",0,NA,3,NA,NA,0,0,0,1
"769",34,"2004-5",2,NA,2,NA,NA,0,0,0,0
"770",35,"2004-5",1,NA,0,NA,NA,1,0,0,0
"771",36,"2004-5",1,NA,0,NA,NA,0,0,0,0
"772",37,"2004-5",4,NA,0,NA,NA,1,0,0,0
"773",38,"2004-5",2,NA,0,NA,NA,0,0,0,0
"774",39,"2004-5",2,NA,0,NA,NA,0,0,0,0
"775",40,"2003-4",2,NA,0,NA,NA,1,0,0,0
"776",41,"2003-4",3,NA,0,NA,NA,0,0,0,0
"777",42,"2003-4",16,NA,1,NA,NA,0,0,0,0
"778",43,"2003-4",54,NA,13,NA,NA,1,0,0,0
"779",44,"2003-4",94,NA,14,NA,NA,0,0,0,0
"780",45,"2003-4",232,NA,14,NA,NA,1,0,0,1
"781",46,"2003-4",363,NA,47,NA,NA,0,0,0,0
"782",47,"2003-4",525,NA,100,NA,NA,0,0,0,0
"783",48,"2003-4",444,NA,168,NA,NA,2,0,0,0
"784",49,"2003-4",885,NA,420,NA,NA,2,0,0,0
"785",50,"2003-4",1291,NA,470,NA,NA,1,0,0,0
"786",51,"2003-4",997,NA,354,NA,NA,2,0,0,0
"787",52,"2003-4",498,NA,284,NA,NA,1,0,0,0
"788",53,"2003-4",388,NA,163,NA,NA,0,0,0,0
"789",1,"2003-4",236,NA,118,NA,NA,1,0,0,0
"790",2,"2003-4",133,NA,61,NA,NA,1,0,0,0
"791",3,"2003-4",84,NA,34,NA,NA,1,0,0,0
"792",4,"2003-4",82,NA,12,NA,NA,2,0,0,0
"793",5,"2003-4",39,NA,7,NA,NA,1,0,0,1
"794",6,"2003-4",22,NA,3,NA,NA,1,0,0,0
"795",7,"2003-4",23,NA,2,NA,NA,4,0,0,0
"796",8,"2003-4",9,NA,0,NA,NA,1,0,0,0
"797",9,"2003-4",4,NA,1,NA,NA,4,0,0,0
"798",10,"2003-4",1,NA,0,NA,NA,2,0,0,0
"799",11,"2003-4",4,NA,1,NA,NA,0,0,0,0
"800",12,"2003-4",4,NA,0,NA,NA,9,0,0,0
"801",13,"2003-4",3,NA,0,NA,NA,5,0,0,0
"802",14,"2003-4",0,NA,0,NA,NA,3,0,0,0
"803",15,"2003-4",0,NA,0,NA,NA,6,0,0,0
"804",16,"2003-4",2,NA,0,NA,NA,3,0,0,0
"805",17,"2003-4",0,NA,0,NA,NA,2,0,0,0
"806",18,"2003-4",0,NA,1,NA,NA,1,0,0,0
"807",19,"2003-4",0,NA,0,NA,NA,0,0,0,0
"808",20,"2003-4",0,NA,0,NA,NA,2,0,0,0
"809",21,"2003-4",1,NA,0,NA,NA,2,0,0,0
"810",22,"2003-4",0,NA,0,NA,NA,1,0,0,0
"811",23,"2003-4",0,NA,0,NA,NA,2,0,0,0
"812",24,"2003-4",0,NA,0,NA,NA,1,0,0,0
"813",25,"2003-4",1,NA,0,NA,NA,1,0,0,0
"814",26,"2003-4",1,NA,0,NA,NA,2,0,0,0
"815",27,"2003-4",0,NA,0,NA,NA,1,0,0,0
"816",28,"2003-4",0,NA,0,NA,NA,1,0,0,0
"817",29,"2003-4",0,NA,0,NA,NA,2,0,0,0
"818",30,"2003-4",0,NA,0,NA,NA,0,0,0,0
"819",31,"2003-4",1,NA,0,NA,NA,0,0,0,0
"820",32,"2003-4",1,NA,0,NA,NA,0,0,0,0
"821",33,"2003-4",0,NA,0,NA,NA,1,0,0,0
"822",34,"2003-4",0,NA,0,NA,NA,0,0,0,0
"823",35,"2003-4",3,NA,0,NA,NA,0,0,0,0
"824",36,"2003-4",0,NA,0,NA,NA,1,0,0,0
"825",37,"2003-4",1,NA,0,NA,NA,0,0,0,0
"826",38,"2003-4",2,NA,0,NA,NA,1,0,0,0
"827",39,"2003-4",3,NA,1,NA,NA,1,0,0,0
